,logFC,AveExpr,t,P.Value,adj.P.Val,B
FABP4,-1714.12,953.34,-15.24144344,1.24E-07,0.001571011,-1.745571739
VOPP1,283.74,451.25,13.97882679,2.59E-07,0.001636525,-1.776294809
HLA-F,922.98,1400.07,11.51988041,1.31E-06,0.004169088,-1.86418301
CSK,286.64,376.66,10.93692474,2.02E-06,0.004169088,-1.893018466
APOD,-1402.62,758.63,-10.93245114,2.03E-06,0.004169088,-1.893255406
ITPKC,-59.78,49.37,-10.81870123,2.21E-06,0.004169088,-1.899366003
RAC2,332.36,247.92,10.73422996,2.36E-06,0.004169088,-1.904013008
IL1R1,-262.64,321.64,-10.58659428,2.64E-06,0.004169088,-1.912366537
FADS1,-82.28,75.98,-10.33652165,3.21E-06,0.004509441,-1.927223169
P2RY6,52.2,39.8,9.932698997,4.45E-06,0.005621188,-1.953257164
CRYAB,-943.56,695.64,-9.756325852,5.15E-06,0.005906957,-1.965492622
UCP2,640.9,775.83,9.62551746,5.75E-06,0.005906957,-1.974933647
GNE,-55.46,128.59,-9.537702191,6.19E-06,0.005906957,-1.981454482
HLA-DMA,926.8,1246.76,9.47154772,6.55E-06,0.005906957,-1.986466939
FANCC,229.86,233.17,9.311634159,7.52E-06,0.006308811,-1.998951174
IGKC,3023.68,1690.58,9.240563844,7.99E-06,0.006308811,-2.004672139
TRBC1,170.8,154.46,9.016301225,9.74E-06,0.007176426,-2.023457534
SLC36A1,50.32,75.94,8.961281013,1.02E-05,0.007176426,-2.028243188
DDIT4,-821.36,680.92,-8.623647055,1.39E-05,0.00917999,-2.059247929
SFPQ,-158.12,191.48,-8.565963522,1.47E-05,0.00917999,-2.064841549
FCN1,65.52,43.86,8.522664456,1.53E-05,0.00917999,-2.069100092
TYMS,63.5,56.73,8.417535297,1.68E-05,0.009669157,-2.079658314
CD247,87.96,58.02,8.266024214,1.94E-05,0.009803929,-2.095438857
CRYAB,-635.04,423.54,-8.245354842,1.98E-05,0.009803929,-2.097644997
HLA-DMB,1200.06,1359.59,8.239027021,2.00E-05,0.009803929,-2.098323009
SASH1,-449.46,621.49,-8.213411109,2.05E-05,0.009803929,-2.101080298
ETHE1,222.36,414.94,8.187735263,2.10E-05,0.009803929,-2.103864456
CORO1A,285.24,227.36,8.140880973,2.19E-05,0.009890653,-2.108998393
PSMB9,396.62,440.11,8.094925069,2.29E-05,0.009984231,-2.11410173
MAOA,-266.9,163.95,-7.911672719,2.74E-05,0.010951329,-2.135142022
RGS19,150.08,214.38,7.866039909,2.87E-05,0.010951329,-2.140558779
CORO1B,162.9,95.11,7.862067201,2.88E-05,0.010951329,-2.141033792
PTPRCAP,83.06,89.91,7.860467915,2.89E-05,0.010951329,-2.141225174
CD4,-83.2,63.14,-7.835425132,2.96E-05,0.010951329,-2.144233733
C6,-229.28,254.46,-7.790128762,3.10E-05,0.010951329,-2.149732153
BCL6,491.92,526.98,7.7686164,3.16E-05,0.010951329,-2.152369329
CD53,147.74,181.47,7.75144103,3.22E-05,0.010951329,-2.154486907
IL10RA,-374.08,322.76,-7.727893491,3.30E-05,0.010951329,-2.157407666
FADS1,-1197.58,1308.93,-7.674558674,3.48E-05,0.011081916,-2.164099029
AKR1C2,-44.08,40.46,-7.651854341,3.56E-05,0.011081916,-2.166979841
AKR1C1,429.52,603.96,7.640984242,3.60E-05,0.011081916,-2.168365988
ALDH1L1,167.28,355.3,7.59111549,3.79E-05,0.011190745,-2.174783124
CD37,-1179.74,1085.51,-7.5845969,3.81E-05,0.011190745,-2.175629024
BTN3A1,1189.38,914.57,7.49020932,4.20E-05,0.011631235,-2.188064405
PLPP3,85.38,97.19,7.434709649,4.45E-05,0.011631235,-2.195542796
,-379.22,311.11,-7.418097279,4.52E-05,0.011631235,-2.197805709
,34.96,67.12,7.413279348,4.55E-05,0.011631235,-2.198464128
ARHGAP45,28.28,23.84,7.347098133,4.87E-05,0.011631235,-2.207606308
H1-10,-117.46,91.71,-7.343809594,4.89E-05,0.011631235,-2.208065383
ASGR1,-41.12,58.44,-7.340891366,4.90E-05,0.011631235,-2.208473146
RHOH,-2032.14,1893.29,-7.339472235,4.91E-05,0.011631235,-2.208671572
CALB2,-256.32,393.7,-7.338279396,4.92E-05,0.011631235,-2.208838423
AOC4P,73.3,140.35,7.336219573,4.93E-05,0.011631235,-2.209126688
AOC4P,148.46,114.61,7.324193959,4.99E-05,0.011631235,-2.210813237
GPX3,55.82,85.53,7.309526219,5.07E-05,0.011631235,-2.212878696
GABARAPL1,357.34,258.85,7.292214435,5.16E-05,0.011633203,-2.215328368
GPSM3,-210.46,232.09,-7.252305544,5.38E-05,0.011919963,-2.221025073
CEMIP,122.32,228.9,7.202974903,5.67E-05,0.012342384,-2.228163276
SASH3,67.64,115.96,7.18416222,5.78E-05,0.012378085,-2.230914001
,-76.8,90.7,-7.133330857,6.11E-05,0.012770664,-2.23842626
CCL5,31.44,25.34,7.123630842,6.17E-05,0.012770664,-2.239873182
SNCG,-132.36,165.86,-7.101592771,6.32E-05,0.0128648,-2.24317663
MAN2B1,-1037.98,1410.83,-7.06099669,6.60E-05,0.013059572,-2.249320912
,89.08,96.4,7.050217992,6.68E-05,0.013059572,-2.250965258
MFNG,-1028.18,1114.37,-7.032441059,6.81E-05,0.013059572,-2.253689215
TSPYL2,64.04,87.96,7.029544097,6.83E-05,0.013059572,-2.254134537
TK1,-1440.72,1188.98,-6.999967828,7.05E-05,0.013122548,-2.258703927
STXBP1,-214.56,192.58,-6.99751122,7.07E-05,0.013122548,-2.259085347
H1-10,-81.26,71.23,-6.973906402,7.25E-05,0.013267937,-2.262765144
ADAMTS2,-46.66,31.93,-6.944816884,7.48E-05,0.013384382,-2.2673372
GSN,361.62,457.75,6.939629204,7.53E-05,0.013384382,-2.268156908
PPIC,-2846.24,1918.2,-6.897352567,7.88E-05,0.013808435,-2.274886626
SNHG32,326.08,193.2,6.885702599,7.98E-05,0.013808435,-2.276756731
HSPA1B,28.58,55.81,6.829531389,8.49E-05,0.014325393,-2.285869651
HSPA1A,97.42,267.13,6.825032721,8.53E-05,0.014325393,-2.286606435
FADS1,-122.3,195.47,-6.815717617,8.62E-05,0.014325393,-2.288135348
FADS1,-89.84,75.04,-6.766193605,9.11E-05,0.014936556,-2.296339217
RDH5,163.98,122.35,6.754438884,9.23E-05,0.014938907,-2.298305228
,138.56,99.4,6.697678333,9.83E-05,0.015713574,-2.307901525
ARHGDIB,35.36,27.78,6.6628629,0.00010223,0.01571958,-2.313873105
MT1X,280.56,595.6,6.634432624,0.00010555,0.01571958,-2.31879841
TRBC1,3216.86,1746.55,6.63340773,0.000105672,0.01571958,-2.318976792
TRBC2,753.48,1673.72,6.633255572,0.00010569,0.01571958,-2.31900328
CMKLR1,117.92,185.08,6.631257466,0.000105928,0.01571958,-2.319351232
TWF2,3181.16,1732.42,6.625864013,0.000106574,0.01571958,-2.320291551
TSC22D1,100.54,120.87,6.618831147,0.000107422,0.01571958,-2.321520104
THRA,38.12,39.1,6.611485693,0.000108316,0.01571958,-2.322806185
ADAM8,38.3,57.21,6.585010995,0.000111607,0.016013013,-2.327466417
GAP43,18.4,13.62,6.555154644,0.000115449,0.016198366,-2.332769046
SH2D2A,47.14,55.67,6.543617981,0.000116972,0.016198366,-2.334831509
GLB1,966.06,916.23,6.539011229,0.000117586,0.016198366,-2.335657193
IGLC2,-824.96,1552.44,-6.535698455,0.00011803,0.016198366,-2.336251701
IGLC3,-226.66,315.07,-6.505700944,0.000122135,0.016581447,-2.341663629
CYBA,375.2,206.84,6.469622667,0.000127279,0.017096066,-2.348241425
INPP5D,177.72,146.9,6.448894014,0.000130342,0.017323143,-2.352055034
IGHG4,62.86,205.01,6.417251589,0.000135174,0.017778135,-2.357925413
IGHG2,-72.78,120.75,-6.37437087,0.000142036,0.018242477,-2.365976114
IGHG1,115.06,62.33,6.368356434,0.000143029,0.018242477,-2.367114166
IGHG3,-162.52,152.84,-6.368295598,0.000143039,0.018242477,-2.367125689
ST6GAL1,52.04,60.48,6.351245947,0.000145894,0.018420573,-2.370363835
CYFIP2,-457.34,365.91,-6.333675533,0.000148902,0.018614205,-2.373719463
MR1,1272.68,1260.82,6.320195859,0.000151255,0.018723037,-2.376306689
SLAMF1,380.56,464.68,6.282132607,0.000158123,0.019383126,-2.383673148
PAK1,68.92,53.02,6.270818291,0.00016023,0.019452492,-2.38588027
COL1A2,75.74,91.39,6.242351323,0.000165666,0.019920995,-2.391469108
HSP90AB1,57.12,61.1,6.201718292,0.000173779,0.020699339,-2.399535832
HSP90AB3P,-190.3,138.47,-6.182805238,0.000177702,0.020968792,-2.403326799
ADIPOR2,55.16,67.02,6.171544725,0.000180083,0.021053047,-2.405594902
,-196.54,145.55,-6.161624894,0.00018221,0.021106256,-2.407599815
PLEK,-158.02,241.73,-6.145481559,0.00018573,0.02115678,-2.410876351
MR1,41.56,74.72,6.144268027,0.000185997,0.02115678,-2.411123348
NFIC,38.26,34.25,6.101301645,0.000195748,0.021734722,-2.419931388
TAPBPL,-113.56,293.8,-6.099362204,0.000196201,0.021734722,-2.42033187
CD27,-601.92,354.02,-6.096739337,0.000196815,0.021734722,-2.420873875
LMOD1,-674.84,477.98,-6.09186084,0.000197964,0.021734722,-2.421883225
ITGB7,-392.22,313.75,-6.082435401,0.000200204,0.021790515,-2.423837856
TGFBR3,-58.52,68.58,-6.073122738,0.000202444,0.021790515,-2.425774979
,476.38,452.27,6.068158564,0.00020365,0.021790515,-2.42680997
PSME2,50.72,53.32,6.057596517,0.00020624,0.021882283,-2.429017629
PSME2P1,482.14,409.47,6.049859837,0.000208161,0.021902002,-2.430639547
MATK,136.58,87.23,6.009829976,0.000218414,0.022790893,-2.439096852
FZD2,285.32,367.42,5.993070069,0.000222869,0.023065165,-2.442670633
BTN3A3,-28.86,39.77,-5.9672933,0.000229916,0.023600985,-2.448205318
NOVA1,138.06,457.55,5.949761171,0.000234847,0.023912776,-2.451996395
PTPN7,871.74,1140.97,5.936911213,0.000238535,0.024093942,-2.454788813
AGTR1,571.44,737.5,5.920285268,0.0002434,0.024390221,-2.458419204
HNRNPA1,39.9,55.57,5.904881984,0.000248004,0.024655866,-2.461800246
PSD4,-222.66,289.33,-5.863732654,0.000260774,0.025648738,-2.47091646
ORAI2,19.28,28.06,5.859731606,0.000262053,0.025648738,-2.47180941
AATF,-44.34,74.73,-5.842459549,0.000267655,0.025883905,-2.475677615
MAOA,100.4,126.64,5.83888612,0.000268831,0.025883905,-2.476480643
ADIRF,66.64,42.8,5.822912643,0.000274153,0.025883905,-2.480081745
CDC42EP4,2215.32,1158.98,5.821471738,0.000274638,0.025883905,-2.480407514
KHDRBS3,505.38,385.01,5.82127015,0.000274706,0.025883905,-2.480453102
LILRB4,8.28,5.94,5.806610226,0.000279703,0.026159476,-2.483776479
BLNK,-641.42,349.95,-5.797319201,0.000282921,0.026265861,-2.485891015
TRBC2,-321.16,754.32,-5.776012519,0.000290453,0.026536243,-2.490764572
LCK,27.08,20.18,5.764928151,0.000294458,0.026536243,-2.493313437
ARHGAP4,-47.06,50.59,-5.760305568,0.000296145,0.026536243,-2.494379148
RBPMS,220.44,475.64,5.75879984,0.000296697,0.026536243,-2.494726634
UBE2L3,39.46,46.39,5.754843885,0.000298153,0.026536243,-2.495640394
UBE2L5,358.2,465.08,5.754057678,0.000298443,0.026536243,-2.495822136
,-59.32,81.02,-5.74453249,0.000301984,0.026631487,-2.498027737
,-616.56,742.44,-5.736937329,0.00030484,0.026631487,-2.49979138
C2,-463.44,660.96,-5.734290533,0.000305842,0.026631487,-2.500407016
CFB,229.12,216.88,5.69076277,0.000322848,0.027718111,-2.510608596
OAS1,262.22,179.57,5.68492726,0.000325205,0.027718111,-2.511987389
CYB5A,-216.86,118.89,-5.684679882,0.000325305,0.027718111,-2.512045897
IFNAR2,33.2,31.12,5.680262237,0.000327103,0.027718111,-2.513091528
IFNAR2-IL10RB,-726,1239.28,-5.674895704,0.000329301,0.027718329,-2.5143638
PAF1,-55.62,100.61,-5.658681599,0.000336039,0.028098228,-2.518221436
ADAM19,136.68,123.16,5.618919182,0.000353208,0.029114857,-2.527769248
PCLAF,821.1,662.63,5.616326985,0.00035436,0.029114857,-2.528396041
,-85.22,52.21,-5.614631395,0.000355115,0.029114857,-2.528806324
COL1A2,-40.34,77.89,-5.588727195,0.000366881,0.029885381,-2.535102966
DPY19L1,53.24,64.26,5.578313784,0.000371729,0.030086207,-2.537649384
MIR548N,-299.64,318.82,-5.560831518,0.000380025,0.030561791,-2.541944075
ADIPOQ,-50.98,55.83,-5.543102879,0.000388645,0.030833611,-2.546324651
MAP1LC3B,-17.24,23.8,-5.539957768,0.000390196,0.030833611,-2.547104457
IRF4,142.4,251.74,5.538874613,0.000390732,0.030833611,-2.547373204
MAST2,-279.64,302.64,-5.520514016,0.000399936,0.031109874,-2.551943394
PLXNB2,86.42,132.83,5.514370718,0.000403068,0.031109874,-2.553478734
VAV1,137.3,340.63,5.508795316,0.000405933,0.031109874,-2.554874843
COL5A2,-938.66,516.07,-5.494201658,0.000413539,0.031109874,-2.558541359
AOX1,-169.36,95.92,-5.493694322,0.000413806,0.031109874,-2.558669141
KLF9,254.7,183.83,5.490678956,0.000415398,0.031109874,-2.559429055
ATF4,3153.08,1729.9,5.484135027,0.000418876,0.031109874,-2.561080822
ATF4P3,-21.88,32.16,-5.480184799,0.00042099,0.031109874,-2.562079637
SDC1,-1749.02,1127.51,-5.47619085,0.00042314,0.031109874,-2.563090832
LRRC15,80.04,179.38,5.469801328,0.000426604,0.031109874,-2.564711321
PCK1,-37.5,34.63,-5.463889983,0.000429836,0.031109874,-2.566213585
CCL22,413.46,691.05,5.462162995,0.000430785,0.031109874,-2.566653023
RPL23,69.72,52.34,5.460994201,0.000431429,0.031109874,-2.566950569
SNORA21,30.22,51.61,5.455987063,0.000434198,0.031109874,-2.568226562
PNMT,-610.44,853.06,-5.454336175,0.000435116,0.031109874,-2.568647729
NKG7,-17.94,53.63,-5.449222265,0.000437971,0.031109874,-2.569953826
MXRA5,92,64.94,5.448768791,0.000438225,0.031109874,-2.57006975
MAOA,-159.26,240.57,-5.444769562,0.000440473,0.031109874,-2.571092849
ST3GAL4,-69.6,77.82,-5.443750993,0.000441048,0.031109874,-2.57135364
RUNX3,105.18,133.31,5.4342179,0.000446465,0.031218445,-2.573798719
CCN1,-76.4,88.14,-5.424911607,0.000451824,0.031218445,-2.576193072
PPARG,182.54,102.85,5.424189548,0.000452242,0.031218445,-2.576379154
TPO,1007.48,988.32,5.422387992,0.000453289,0.031218445,-2.576843626
ARPC3,69.24,116.34,5.419537869,0.00045495,0.031218445,-2.577579004
ARPC3P3,-691.14,1648.65,-5.407216249,0.000462206,0.031322454,-2.580766164
ID1,56.64,81.64,5.403599303,0.00046436,0.031322454,-2.581704207
,-880.48,684.2,-5.400912772,0.000465967,0.031322454,-2.582401676
TRIB2,36.82,24.53,5.397378135,0.00046809,0.031322454,-2.583320272
GRB2,-98.18,64.81,-5.39608496,0.000468869,0.031322454,-2.583656617
ADH1A,-604.88,781.66,-5.38867667,0.000473362,0.031456131,-2.585586228
ADH1B,15.5,14.61,5.375726447,0.000481327,0.031817999,-2.588970706
ADH1C,63.18,43.57,5.363377505,0.000489058,0.032160688,-2.592211579
ADIPOQ,-33.36,35.62,-5.359309024,0.000491635,0.032162608,-2.593282219
TRAC,516.94,273.63,5.349079865,0.000498178,0.032274517,-2.595980451
IGLC2,163.82,430.03,5.340360936,0.00050383,0.032274517,-2.598287538
IGLC3,-7.52,5.8,-5.337451839,0.000505731,0.032274517,-2.599058787
AKAP1,-391.1,751.03,-5.332733962,0.000508831,0.032274517,-2.600311154
DEPP1,106.1,168.05,5.330898023,0.000510043,0.032274517,-2.600799035
RPS6KA1,-152.72,109.42,-5.329351621,0.000511066,0.032274517,-2.601210205
AMPH,-471.08,377.86,-5.329090328,0.000511239,0.032274517,-2.601279701
PPT1,-280.4,281.5,-5.323963482,0.000514648,0.032328102,-2.602644493
LAT,-154.7,84.19,-5.317387903,0.000519057,0.032406183,-2.60439834
,-816.4,1959.12,-5.314472885,0.000521024,0.032406183,-2.60517706
CASP10,879.82,1330.83,5.297587729,0.000532581,0.032962612,-2.609702586
NUPR1,-35.58,46.41,-5.277878744,0.000546423,0.033654356,-2.615017056
,-908.82,1439.73,-5.270539024,0.000551678,0.033813012,-2.617005071
CSRP2,123.56,82.24,5.263424077,0.000556823,0.033892147,-2.618936824
RAC2,-96.92,118.44,-5.260843033,0.000558702,0.033892147,-2.61963872
SF3A2,-254.08,180.84,-5.257670818,0.000561022,0.033892147,-2.620502203
EGFR,-81.52,89.06,-5.242763558,0.000572061,0.034394492,-2.624572158
SELPLG,208.48,108.7,5.234704626,0.000578127,0.034398871,-2.626780779
NFIC,236.44,339.16,5.231663213,0.000580434,0.034398871,-2.627615838
CCL5,1454.62,1168.63,5.23140668,0.000580629,0.034398871,-2.627686312
FCGR3B,394.62,278.37,5.228254725,0.000583032,0.034398871,-2.628552684
FCGR3A,-62.68,128.66,-5.217690601,0.000591163,0.034716383,-2.631463032
ITGAX,77.82,115.67,5.206151535,0.000600185,0.035083031,-2.634653632
HSP90AB1,-46.76,40.5,-5.200866979,0.000604366,0.035164655,-2.636118911
TGOLN2,-286.28,324.24,-5.196527412,0.000607824,0.03520359,-2.637324088
RHOB,177.9,270.21,5.18696139,0.000615521,0.035486603,-2.639986874
TNFSF11,726.12,1739.98,5.168785962,0.000630437,0.03592955,-2.645069477
MYOC,-213.1,119.93,-5.167408411,0.000631584,0.03592955,-2.645455946
BTG2,197.12,436.4,5.167219998,0.000631741,0.03592955,-2.645508819
CCNB1,111.62,193.29,5.143746152,0.000651632,0.036894637,-2.652121969
XCL1,-527.14,304.83,-5.126350887,0.000666809,0.037543065,-2.657055926
XCL2,101.94,63.11,5.123839577,0.000669031,0.037543065,-2.657770581
RRAS2,-32.08,81.34,-5.115685814,0.000676303,0.037783174,-2.660095039
NA,-22.66,17.07,-5.106999316,0.000684143,0.037977849,-2.662578286
PPP1CA,23.72,73.82,5.103822732,0.000687035,0.037977849,-2.663488176
ACSM3,-379.22,502.17,-5.101878863,0.000688811,0.037977849,-2.664045445
TMT1A,1555.44,888.68,5.094738862,0.000695377,0.038048044,-2.666095422
LMO4,-39.12,80.24,-5.091794758,0.000698105,0.038048044,-2.666942121
AOC3,68.3,108.95,5.090696908,0.000699125,0.038048044,-2.667258065
SNHG32,147.58,175.65,5.083050551,0.000706273,0.038209351,-2.669461757
HSPA1B,-71.78,108.59,-5.079842581,0.000709296,0.038209351,-2.670387962
HSPA1A,122.92,154.66,5.077863727,0.000711167,0.038209351,-2.670959788
PPL,-17.72,24.46,-5.06448904,0.000723957,0.038314105,-2.674834494
ADH1C,24.16,19.88,5.064107475,0.000724326,0.038314105,-2.674945287
FAU,49.44,62.3,5.062428895,0.000725949,0.038314105,-2.675432855
SYVN1,17.74,16.47,5.060600204,0.000727722,0.038314105,-2.675964332
VAMP8,30.66,60.59,5.060016211,0.00072829,0.038314105,-2.676134128
CEP164,-58.74,41.43,-5.056066318,0.000732139,0.038356791,-2.677283419
TXNIP,100.06,150.49,5.029690934,0.000758413,0.039518723,-2.684996466
,114.54,156.69,5.026672926,0.000761484,0.039518723,-2.685883337
MYOM1,60.2,135.18,5.024495912,0.000763707,0.039518723,-2.686523624
CDO1,59.78,125.13,5.01943585,0.000768902,0.039625148,-2.688013637
PEX5,-7.28,4.92,-5.014732779,0.000773765,0.039713653,-2.689400769
GABBR1,313.28,198.5,4.989792435,0.000800114,0.040616268,-2.696792929
UBD,80.86,157.49,4.988363297,0.000801653,0.040616268,-2.697218369
SRGN,23.4,21.54,4.986214558,0.000803972,0.040616268,-2.697858405
SPP1,76.54,178.59,4.985986667,0.000804219,0.040616268,-2.697926313
IL32,130.62,126.73,4.974047314,0.000817246,0.041109736,-2.701491214
PA2G4,-50.26,123.93,-4.962279038,0.000830309,0.041410036,-2.705018849
PLCG2,82.52,176.38,4.960771179,0.000831999,0.041410036,-2.705471836
DIO3,-147.52,201.16,-4.959830989,0.000833055,0.041410036,-2.705754399
GBE1,106.74,167.21,4.954721521,0.000838817,0.041532957,-2.707291531
LAIR1,41.84,77.38,4.948867562,0.000845472,0.041698937,-2.709055834
SYNGR2,83.1,68.17,4.94480192,0.000850127,0.041765396,-2.710283175
SYNGR2P1,-939.48,1312.3,-4.936484414,0.000859738,0.042014076,-2.712799224
ADH1B,-88.04,83.52,-4.934674649,0.000861844,0.042014076,-2.713347596
TPP1,-220.86,502.17,-4.927689945,0.000870027,0.042066307,-2.715467096
DOCK2,110.42,123.89,4.921152412,0.000877762,0.042066307,-2.717455344
GPD1,31.52,39.32,4.920029297,0.000879098,0.042066307,-2.717797348
CD3D,-541.38,940.15,-4.919487475,0.000879743,0.042066307,-2.717962386
GARRE1,-21.44,23.8,-4.918928589,0.00088041,0.042066307,-2.718132652
PTPN3,289.36,901.72,4.916838634,0.000882906,0.042066307,-2.718769642
PLCG2,9.46,9.35,4.913861455,0.000886475,0.042077587,-2.719677807
AKR1C3,81.26,138.31,4.89918436,0.000904301,0.042090236,-2.724168031
,-201.7,502.97,-4.897554356,0.000906304,0.042090236,-2.724668051
RAD23A,-270.78,273.93,-4.897012386,0.000906972,0.042090236,-2.724834365
WSB2,726.34,1145.99,4.896437445,0.00090768,0.042090236,-2.72501083
HK3,-43.06,80.07,-4.895670483,0.000908626,0.042090236,-2.725246283
,18.06,18.77,4.894992626,0.000909463,0.042090236,-2.725454431
PCNA,44.48,50.78,4.893152203,0.000911739,0.042090236,-2.726019802
MAN2A2,181,121.48,4.891803622,0.000913411,0.042090236,-2.726434299
VNN2,-49.68,106.72,-4.873599638,0.000936305,0.042988328,-2.732047558
RFX5,-63.9,119.97,-4.870732386,0.000939967,0.042993665,-2.732934767
CASP8,117,249.02,4.868186588,0.000943232,0.042993665,-2.733723215
,-345.7,421.65,-4.861953483,0.000951276,0.043055088,-2.735656443
STXBP2,211.84,340,4.861858489,0.000951399,0.043055088,-2.735685937
,171.36,360.18,4.848635656,0.000968713,0.043621231,-2.739800399
HSPB6,66.92,104.84,4.844166005,0.000974642,0.043621231,-2.74119526
PTAFR,-974.5,2042.25,-4.841550666,0.00097813,0.043621231,-2.742012395
TAP1,-831.46,829.21,-4.838806696,0.000981803,0.043621231,-2.742870478
TMC6,24.04,32.48,4.837421035,0.000983664,0.043621231,-2.743304091
MAPKAPK3,-246.54,449.99,-4.836695937,0.000984639,0.043621231,-2.743531075
WIF1,140.88,321.68,4.827615998,0.000996939,0.044011718,-2.746378049
CD52,-70.32,83.22,-4.819514364,0.001008054,0.044293164,-2.748925495
BTN3A2,-120.1,131.83,-4.814331432,0.001015234,0.044293164,-2.750558774
,-95.28,127.8,-4.813306974,0.00101666,0.044293164,-2.750881938
RER1,-151.3,273.21,-4.812814172,0.001017347,0.044293164,-2.751037431
CDH11,28.64,17.48,4.80783399,0.001024314,0.044443245,-2.752610239
BCL2L2,-238.82,356.23,-4.80339601,0.001030566,0.044561373,-2.754013992
IFFO1,150.7,157.57,4.78829835,0.001052144,0.045339139,-2.758804869
FADS1,-187.24,152.94,-4.784699663,0.001057359,0.045401816,-2.759950351
TGOLN2,-62.64,51.26,-4.78234215,0.00106079,0.045401816,-2.760701498
FZD2,173.52,111.28,4.764975977,0.001086439,0.046298844,-2.766252709
CD8A,-328.4,276.68,-4.763211537,0.001089083,0.046298844,-2.766818504
TSC22D3,107.4,139.6,4.756896486,0.0010986,0.046321292,-2.768846223
ALDH6A1,128.02,144.11,4.756866383,0.001098645,0.046321292,-2.768855899
FBL,-580.7,299.07,-4.755565469,0.001100617,0.046321292,-2.769274142
PTPN6,25.72,22.3,4.751144548,0.001107346,0.04644966,-2.770696806
VDR,-118.5,346.05,-4.744976515,0.001116808,0.046569139,-2.77268516
FBL,13.02,13.71,4.744257897,0.001117916,0.046569139,-2.77291708
SYNM,114.56,267.08,4.742094517,0.001121259,0.046569139,-2.7736156
CAPZB,-33.26,34.09,-4.737206766,0.001128852,0.046578896,-2.775195608
,428.88,876.24,4.735770405,0.001131093,0.046578896,-2.775660408
FMNL1,1012.56,637.92,4.733075295,0.001135313,0.046578896,-2.776533127
NFE2L1,-164.96,328.58,-4.730959198,0.001138637,0.046578896,-2.777218896
CLDN5,-320.98,310.05,-4.730131965,0.00113994,0.046578896,-2.777487109
COL3A1,18.56,15.74,4.725675657,0.001146984,0.04671555,-2.778933233
CAMK1,9.66,12.65,4.713325,0.001166753,0.047188161,-2.782952269
FOXM1,-19.06,18.57,-4.712865503,0.001167496,0.047188161,-2.78310211
ZWINT,-34.14,27.69,-4.709331654,0.001173224,0.047188161,-2.784255246
LCK,139.56,285.4,4.709138601,0.001173537,0.047188161,-2.78431828
EZH1,-29.18,90.13,-4.705007995,0.001180273,0.047308321,-2.785667931
S100A3,156.92,189.52,4.701888873,0.001185386,0.047362924,-2.786688302
MAPKAPK3,-245.68,217.3,-4.694653516,0.00119734,0.047529054,-2.789059267
ZFP36L2,-101.68,117.34,-4.692211498,0.001201403,0.047529054,-2.78986077
SPCS2,-15.28,14.82,-4.689778263,0.001205467,0.047529054,-2.790660031
SPCS2P4,18.5,34.19,4.687648956,0.001209036,0.047529054,-2.791359984
,-355.74,811.77,-4.687456407,0.001209359,0.047529054,-2.791423303
PSMB10,-30.64,63.16,-4.685807826,0.00121213,0.047529054,-2.791965601
,-24.3,20.39,-4.682572169,0.001217589,0.047576878,-2.793030819
SPN,62.86,42.79,4.68062572,0.001220886,0.047576878,-2.793672161
HSPB1,-1092.98,649.73,-4.661646532,0.00125354,0.048351644,-2.799947218
HSPB1P1,225.52,158.12,4.660912092,0.001254822,0.048351644,-2.800190831
CDKN1A,-468.56,452.58,-4.652994446,0.001268736,0.048351644,-2.802820851
PTTG1,356.54,748.87,4.651112905,0.001272067,0.048351644,-2.803446852
SORBS3,173.4,367.22,4.651056344,0.001272168,0.048351644,-2.803465677
APOBEC3C,3077.98,1613.85,4.646520392,0.001280237,0.048351644,-2.804976437
ID1,249.7,269.59,4.646035362,0.001281103,0.048351644,-2.805138116
,-94.02,116.19,-4.642326226,0.001287747,0.048351644,-2.806375364
HSPB2,-455.66,546.03,-4.640477539,0.001291073,0.048351644,-2.80699259
HSPB2-C11orf52,-53.12,63.82,-4.640069912,0.001291807,0.048351644,-2.807128735
CX3CL1,-114.34,134.23,-4.63955546,0.001292735,0.048351644,-2.807300586
CALCOCO1,-16.6,26.5,-4.637288652,0.001296831,0.048351644,-2.80805815
KLRB1,-132.78,234.13,-4.63627093,0.001298674,0.048351644,-2.808398455
YBX3,-350.88,450.56,-4.633972462,0.001302848,0.048351644,-2.809167433
CD4,29.74,21.97,4.633138162,0.001304366,0.048351644,-2.8094467
TNS2,-156.4,303.58,-4.631267733,0.001307777,0.048351644,-2.810073072
AGTR1,200.8,253.5,4.63073076,0.001308758,0.048351644,-2.810252966
CD79A,-148.98,184.99,-4.630216262,0.001309699,0.048351644,-2.810425359
GADD45A,484.92,733.76,4.614972534,0.001337905,0.049161379,-2.815546319
PLAUR,420.72,799.82,4.614163771,0.00133942,0.049161379,-2.81581873
IRF8,-26.52,15.96,-4.605691986,0.001355396,0.049469365,-2.818676573
ZBTB16,-252.78,141.61,-4.60555995,0.001355647,0.049469365,-2.818721176
